<?xml version="1.0" encoding="UTF-8"?>
<w:WantList w:release="2.1" w:product="NIEM"
  xmlns:nc="http://niem.gov/niem/niem-core/2.0"
  xmlns:niem-xsd="http://niem.gov/niem/proxy/xsd/2.0" xmlns:w="http://niem.gov/niem/wantlist/2">
  <w:Element w:name="nc:ContactInformation" w:isReference="false"/>
  <w:Element w:name="nc:ContactMeans" w:isReference="false"/>
  <w:Element w:name="nc:ContactTelephoneNumber" w:isReference="false"/>
  <w:Element w:name="nc:Date" w:isReference="false"/>
  <w:Element w:name="nc:DateRepresentation" w:isReference="false"/>
  <w:Element w:name="nc:DocumentCreationDate" w:isReference="false"/>
  <w:Element w:name="nc:DocumentExpirationDate" w:isReference="false"/>
  <w:Element w:name="nc:FullTelephoneNumber" w:isReference="false"/>
  <w:Element w:name="nc:IdentificationID" w:isReference="false"/>
  <w:Element w:name="nc:IdentificationJurisdiction" w:isReference="false"/>
  <w:Element w:name="nc:IdentificationJurisdictionText" w:isReference="false"/>
  <w:Element w:name="nc:PersonGivenName" w:isReference="false"/>
  <w:Element w:name="nc:PersonMiddleName" w:isReference="false"/>
  <w:Element w:name="nc:PersonName" w:isReference="false"/>
  <w:Element w:name="nc:PersonNameSuffixText" w:isReference="false"/>
  <w:Element w:name="nc:PersonSurName" w:isReference="false"/>
  <w:Element w:name="nc:TelephoneNumberFullID" w:isReference="false"/>
  <w:Element w:name="nc:TelephoneNumberRepresentation" w:isReference="false"/>
  <w:Type w:name="nc:ContactInformationType" w:isRequested="true">
    <w:ElementInType w:name="nc:ContactMeans" w:isReference="false"
      w:minOccurs="0" w:maxOccurs="1"/>
  </w:Type>
  <w:Type w:name="nc:DateType" w:isRequested="true">
    <w:ElementInType w:name="nc:DateRepresentation"
      w:isReference="false" w:minOccurs="0" w:maxOccurs="1"/>
  </w:Type>
  <w:Type w:name="nc:DocumentType" w:isRequested="true">
    <w:ElementInType w:name="nc:DocumentCreationDate"
      w:isReference="false" w:minOccurs="0" w:maxOccurs="1"/>
    <w:ElementInType w:name="nc:DocumentExpirationDate"
      w:isReference="false" w:minOccurs="0" w:maxOccurs="1"/>
  </w:Type>
  <w:Type w:name="nc:FullTelephoneNumberType" w:isRequested="true">
    <w:ElementInType w:name="nc:TelephoneNumberFullID"
      w:isReference="false" w:minOccurs="0" w:maxOccurs="1"/>
  </w:Type>
  <w:Type w:name="nc:IdentificationType" w:isRequested="true">
    <w:ElementInType w:name="nc:IdentificationID" w:isReference="false"
      w:minOccurs="0" w:maxOccurs="1"/>
    <w:ElementInType w:name="nc:IdentificationJurisdiction"
      w:isReference="false" w:minOccurs="0" w:maxOccurs="1"/>
  </w:Type>
  <w:Type w:name="nc:PersonNameTextType" w:isRequested="true"/>
  <w:Type w:name="nc:PersonNameType" w:isRequested="true">
    <w:ElementInType w:name="nc:PersonGivenName" w:isReference="false"
      w:minOccurs="0" w:maxOccurs="1"/>
    <w:ElementInType w:name="nc:PersonMiddleName" w:isReference="false"
      w:minOccurs="0" w:maxOccurs="1"/>
    <w:ElementInType w:name="nc:PersonNameSuffixText"
      w:isReference="false" w:minOccurs="0" w:maxOccurs="1"/>
    <w:ElementInType w:name="nc:PersonSurName" w:isReference="false"
      w:minOccurs="0" w:maxOccurs="1"/>
  </w:Type>
  <w:Type w:name="nc:PersonType" w:isRequested="true">
    <w:ElementInType w:name="nc:PersonName" w:isReference="false"
      w:minOccurs="0" w:maxOccurs="1"/>
  </w:Type>
  <w:Type w:name="nc:ProperNameTextType" w:isRequested="true"/>
  <w:Type w:name="nc:TelephoneNumberType" w:isRequested="true">
    <w:ElementInType w:name="nc:TelephoneNumberRepresentation"
      w:isReference="false" w:minOccurs="0" w:maxOccurs="1"/>
  </w:Type>
  <w:Type w:name="nc:TextType" w:isRequested="true"/>
  <w:Type w:name="niem-xsd:date" w:isRequested="true"/>
  <w:Type w:name="niem-xsd:string" w:isRequested="true"/>
</w:WantList>
