<?xml version="1.0" encoding="UTF-8"?>
<w:WantList w:release="2.1" w:product="NIEM"
  xmlns:nc="http://niem.gov/niem/niem-core/2.0"
  xmlns:niem-xsd="http://niem.gov/niem/proxy/xsd/2.0"
  xmlns:j="http://niem.gov/niem/domains/jxdm/4.1"
  xmlns:fbi="http://niem.gov/niem/fbi/2.0"
  xmlns:ansi_d20="http://niem.gov/niem/ansi_d20/2.0" xmlns:w="http://niem.gov/niem/wantlist/2">
  <w:Element w:name="j:ChargeStatute" w:isReference="false"/>
  <w:Element w:name="j:ConvictionCharge" w:isReference="false"/>
  <w:Element w:name="j:ConvictionCourt" w:isReference="false"/>
  <w:Element w:name="j:Crash" w:isReference="false"/>
  <w:Element w:name="j:DriverConviction" w:isReference="false"/>
  <w:Element w:name="j:DriverConvictionCMV" w:isReference="false"/>
  <w:Element w:name="j:DriverConvictionCMVText" w:isReference="false"/>
  <w:Element w:name="j:DriverConvictionHazMat" w:isReference="false"/>
  <w:Element w:name="j:DriverConvictionHazMatText" w:isReference="false"/>
  <w:Element w:name="j:DriverConvictionOffense" w:isReference="false"/>
  <w:Element w:name="j:DriverConvictionOffenseDescriptionText" w:isReference="false"/>
  <w:Element w:name="j:DriverConvictionOffenseText" w:isReference="false"/>
  <w:Element w:name="j:DriverHistoryAccidentQuantity" w:isReference="false"/>
  <w:Element w:name="j:DriverHistoryConvictionQuantity" w:isReference="false"/>
  <w:Element w:name="j:DriverHistorySummary" w:isReference="false"/>
  <w:Element w:name="j:DriverHistoryWithdrawalQuantity" w:isReference="false"/>
  <w:Element w:name="j:DriverLicenseEndorsement" w:isReference="false"/>
  <w:Element w:name="j:DriverLicenseHMEThreatDate" w:isReference="false"/>
  <w:Element w:name="j:DriverLicenseHMEThreatText" w:isReference="false"/>
  <w:Element w:name="j:DrivingAccidentSeverity" w:isReference="false"/>
  <w:Element w:name="j:DrivingAccidentSeverityText" w:isReference="false"/>
  <w:Element w:name="j:DrivingIncidentCMV" w:isReference="false"/>
  <w:Element w:name="j:DrivingIncidentCMVText" w:isReference="false"/>
  <w:Element w:name="j:DrivingIncidentHazMat" w:isReference="false"/>
  <w:Element w:name="j:DrivingIncidentHazMatText" w:isReference="false"/>
  <w:Element w:name="j:DrivingIncidentJurisdiction" w:isReference="false"/>
  <w:Element w:name="j:IdentificationJurisdictionNCICLSTACode" w:isReference="false"/>
  <w:Element w:name="j:StatuteCodeIdentification" w:isReference="false"/>
  <w:Element w:name="nc:ActivityDate" w:isReference="false"/>
  <w:Element w:name="nc:ActivityDateRepresentation" w:isReference="false"/>
  <w:Element w:name="nc:ActivityDescriptionText" w:isReference="false"/>
  <w:Element w:name="nc:ActivityIdentification" w:isReference="false"/>
  <w:Element w:name="nc:AddressDeliveryPoint" w:isReference="false"/>
  <w:Element w:name="nc:AddressRepresentation" w:isReference="false"/>
  <w:Element w:name="nc:BinaryAvailableIndicator" w:isReference="false"/>
  <w:Element w:name="nc:BinaryBase64Object" w:isReference="false"/>
  <w:Element w:name="nc:BinaryCaptureDate" w:isReference="false"/>
  <w:Element w:name="nc:BinaryCategoryText" w:isReference="false"/>
  <w:Element w:name="nc:BinaryFormatID" w:isReference="false"/>
  <w:Element w:name="nc:BinaryObject" w:isReference="false"/>
  <w:Element w:name="nc:ContactInformation" w:isReference="false"/>
  <w:Element w:name="nc:ContactMailingAddress" w:isReference="false"/>
  <w:Element w:name="nc:ContactMeans" w:isReference="false"/>
  <w:Element w:name="nc:ContactTelephoneNumber" w:isReference="false"/>
  <w:Element w:name="nc:Date" w:isReference="false"/>
  <w:Element w:name="nc:DateRepresentation" w:isReference="false"/>
  <w:Element w:name="nc:DocumentCreationDate" w:isReference="false"/>
  <w:Element w:name="nc:DocumentExpirationDate" w:isReference="false"/>
  <w:Element w:name="nc:DriverLicense" w:isReference="false"/>
  <w:Element w:name="nc:DriverLicenseCommercialClass" w:isReference="false"/>
  <w:Element w:name="nc:DriverLicenseCommercialClassText" w:isReference="false"/>
  <w:Element w:name="nc:DriverLicenseCommercialStatus" w:isReference="false"/>
  <w:Element w:name="nc:DriverLicenseCommercialStatusText" w:isReference="false"/>
  <w:Element w:name="nc:DriverLicenseEndorsement" w:isReference="false"/>
  <w:Element w:name="nc:DriverLicenseEndorsementCode" w:isReference="false"/>
  <w:Element w:name="nc:DriverLicenseEndorsementText" w:isReference="false"/>
  <w:Element w:name="nc:DriverLicenseExpirationDate" w:isReference="false"/>
  <w:Element w:name="nc:DriverLicenseIdentification" w:isReference="false"/>
  <w:Element w:name="nc:DriverLicenseIssueDate" w:isReference="false"/>
  <w:Element w:name="nc:DriverLicenseNonCommercialClassText" w:isReference="false"/>
  <w:Element w:name="nc:DriverLicenseNonCommercialStatus" w:isReference="false"/>
  <w:Element w:name="nc:DriverLicenseNonCommercialStatusText" w:isReference="false"/>
  <w:Element w:name="nc:DriverLicensePermit" w:isReference="false"/>
  <w:Element w:name="nc:DriverLicensePermitClassificationText" w:isReference="false"/>
  <w:Element w:name="nc:DriverLicensePermitQuantity" w:isReference="false"/>
  <w:Element w:name="nc:DriverLicensePermitStatus" w:isReference="false"/>
  <w:Element w:name="nc:DriverLicensePermitStatusText" w:isReference="false"/>
  <w:Element w:name="nc:DriverLicenseRestriction" w:isReference="false"/>
  <w:Element w:name="nc:DriverLicenseWithdrawal" w:isReference="false"/>
  <w:Element w:name="nc:DriverLicenseWithdrawalAction" w:isReference="false"/>
  <w:Element w:name="nc:DriverLicenseWithdrawalActionCode" w:isReference="false"/>
  <w:Element w:name="nc:DriverLicenseWithdrawalBasis" w:isReference="false"/>
  <w:Element w:name="nc:DriverLicenseWithdrawalBasisCode" w:isReference="false"/>
  <w:Element w:name="nc:DriverLicenseWithdrawalCode" w:isReference="false"/>
  <w:Element w:name="nc:DriverLicenseWithdrawalDueProcessStatus" w:isReference="false"/>
  <w:Element w:name="nc:DriverLicenseWithdrawalDueProcessStatusCode" w:isReference="false"/>
  <w:Element w:name="nc:DriverLicenseWithdrawalEffectiveDate" w:isReference="false"/>
  <w:Element w:name="nc:DriverLicenseWithdrawalEligibilityCode" w:isReference="false"/>
  <w:Element w:name="nc:DriverLicenseWithdrawalEligibilityDate" w:isReference="false"/>
  <w:Element w:name="nc:DriverLicenseWithdrawalExtent" w:isReference="false"/>
  <w:Element w:name="nc:DriverLicenseWithdrawalExtentText" w:isReference="false"/>
  <w:Element w:name="nc:DriverLicenseWithdrawalIssuingAuthority" w:isReference="false"/>
  <w:Element w:name="nc:DriverLicenseWithdrawalIssuingAuthorityText" w:isReference="false"/>
  <w:Element w:name="nc:DriverLicenseWithdrawalReinstatementDate" w:isReference="false"/>
  <w:Element w:name="nc:DriverLicenseWithdrawalText" w:isReference="false"/>
  <w:Element w:name="nc:DrivingRestrictionCode" w:isReference="false"/>
  <w:Element w:name="nc:DrivingRestrictionDescriptionText" w:isReference="false"/>
  <w:Element w:name="nc:DrivingRestrictionEndDate" w:isReference="false"/>
  <w:Element w:name="nc:DrivingRestrictionText" w:isReference="false"/>
  <w:Element w:name="nc:DrivingRestrictionValue" w:isReference="false"/>
  <w:Element w:name="nc:EndDate" w:isReference="false"/>
  <w:Element w:name="nc:FullTelephoneNumber" w:isReference="false"/>
  <w:Element w:name="nc:IdentificationID" w:isReference="false"/>
  <w:Element w:name="nc:IdentificationJurisdiction" w:isReference="false"/>
  <w:Element w:name="nc:IdentificationJurisdictionText" w:isReference="false"/>
  <w:Element w:name="nc:LocationAddress" w:isReference="false"/>
  <w:Element w:name="nc:LocationCityName" w:isReference="false"/>
  <w:Element w:name="nc:LocationCountry" w:isReference="false"/>
  <w:Element w:name="nc:LocationCountryName" w:isReference="false"/>
  <w:Element w:name="nc:LocationCounty" w:isReference="false"/>
  <w:Element w:name="nc:LocationCountyName" w:isReference="false"/>
  <w:Element w:name="nc:LocationPostalCode" w:isReference="false"/>
  <w:Element w:name="nc:LocationState" w:isReference="false"/>
  <w:Element w:name="nc:LocationStateNCICLSTACode" w:isReference="false"/>
  <w:Element w:name="nc:LocationStateName" w:isReference="false"/>
  <w:Element w:name="nc:LocationStreet" w:isReference="false"/>
  <w:Element w:name="nc:MeasurePointValue" w:isReference="false"/>
  <w:Element w:name="nc:MeasureValue" w:isReference="false"/>
  <w:Element w:name="nc:OrganizationCategory" w:isReference="false"/>
  <w:Element w:name="nc:OrganizationCategoryText" w:isReference="false"/>
  <w:Element w:name="nc:OrganizationLocation" w:isReference="false"/>
  <w:Element w:name="nc:PersonBirthDate" w:isReference="false"/>
  <w:Element w:name="nc:PersonDigitalImage" w:isReference="false"/>
  <w:Element w:name="nc:PersonEyeColor" w:isReference="false"/>
  <w:Element w:name="nc:PersonEyeColorText" w:isReference="false"/>
  <w:Element w:name="nc:PersonFullName" w:isReference="false"/>
  <w:Element w:name="nc:PersonGivenName" w:isReference="false"/>
  <w:Element w:name="nc:PersonHairColor" w:isReference="false"/>
  <w:Element w:name="nc:PersonHairColorText" w:isReference="false"/>
  <w:Element w:name="nc:PersonHeightMeasure" w:isReference="false"/>
  <w:Element w:name="nc:PersonMedicalFileIndicator" w:isReference="false"/>
  <w:Element w:name="nc:PersonMiddleName" w:isReference="false"/>
  <w:Element w:name="nc:PersonName" w:isReference="false"/>
  <w:Element w:name="nc:PersonNameSuffixText" w:isReference="false"/>
  <w:Element w:name="nc:PersonOrganDonatorIndicator" w:isReference="false"/>
  <w:Element w:name="nc:PersonOtherIdentification" w:isReference="false"/>
  <w:Element w:name="nc:PersonRace" w:isReference="false"/>
  <w:Element w:name="nc:PersonRaceText" w:isReference="false"/>
  <w:Element w:name="nc:PersonSSNIdentification" w:isReference="false"/>
  <w:Element w:name="nc:PersonSex" w:isReference="false"/>
  <w:Element w:name="nc:PersonSexCode" w:isReference="false"/>
  <w:Element w:name="nc:PersonSexText" w:isReference="false"/>
  <w:Element w:name="nc:PersonSurName" w:isReference="false"/>
  <w:Element w:name="nc:PersonWeightMeasure" w:isReference="false"/>
  <w:Element w:name="nc:StreetFullText" w:isReference="false"/>
  <w:Element w:name="nc:StructuredAddress" w:isReference="false"/>
  <w:Element w:name="nc:TelephoneNumberFullID" w:isReference="false"/>
  <w:Element w:name="nc:TelephoneNumberRepresentation" w:isReference="false"/>
  <w:Type w:name="ansi_d20:DriverLicenseWithdrawalActionCodeSimpleType" w:isRequested="false">
    <w:Facet w:facet="enumeration" w:value="2"/>
    <w:Facet w:facet="enumeration" w:value="3"/>
    <w:Facet w:facet="enumeration" w:value="1"/>
    <w:Facet w:facet="enumeration" w:value="6"/>
    <w:Facet w:facet="enumeration" w:value="7"/>
    <w:Facet w:facet="enumeration" w:value="4"/>
    <w:Facet w:facet="enumeration" w:value="5"/>
  </w:Type>
  <w:Type w:name="ansi_d20:DriverLicenseWithdrawalActionCodeType" w:isRequested="true"/>
  <w:Type w:name="ansi_d20:DriverLicenseWithdrawalBasisCodeSimpleType" w:isRequested="false">
    <w:Facet w:facet="enumeration" w:value="5"/>
    <w:Facet w:facet="enumeration" w:value="9"/>
    <w:Facet w:facet="enumeration" w:value="2"/>
    <w:Facet w:facet="enumeration" w:value="3"/>
    <w:Facet w:facet="enumeration" w:value="8"/>
    <w:Facet w:facet="enumeration" w:value="7"/>
    <w:Facet w:facet="enumeration" w:value="6"/>
    <w:Facet w:facet="enumeration" w:value="4"/>
    <w:Facet w:facet="enumeration" w:value="1"/>
  </w:Type>
  <w:Type w:name="ansi_d20:DriverLicenseWithdrawalBasisCodeType" w:isRequested="true"/>
  <w:Type
    w:name="ansi_d20:DriverLicenseWithdrawalDueProcessStatusCodeSimpleType" w:isRequested="false">
    <w:Facet w:facet="enumeration" w:value="3"/>
    <w:Facet w:facet="enumeration" w:value="5"/>
    <w:Facet w:facet="enumeration" w:value="1"/>
    <w:Facet w:facet="enumeration" w:value="2"/>
    <w:Facet w:facet="enumeration" w:value="0"/>
    <w:Facet w:facet="enumeration" w:value="4"/>
  </w:Type>
  <w:Type
    w:name="ansi_d20:DriverLicenseWithdrawalDueProcessStatusCodeType" w:isRequested="true"/>
  <w:Type
    w:name="ansi_d20:DriverLicenseWithdrawalEligibilityCodeSimpleType" w:isRequested="false">
    <w:Facet w:facet="enumeration" w:value="Indefinite"/>
    <w:Facet w:facet="enumeration" w:value="Date"/>
    <w:Facet w:facet="enumeration" w:value="Permanent"/>
  </w:Type>
  <w:Type w:name="ansi_d20:DriverLicenseWithdrawalEligibilityCodeType" w:isRequested="true"/>
  <w:Type w:name="ansi_d20:DrivingEndorsementCodeSimpleType" w:isRequested="false">
    <w:Facet w:facet="enumeration" w:value="T"/>
    <w:Facet w:facet="enumeration" w:value="N"/>
    <w:Facet w:facet="enumeration" w:value="H"/>
    <w:Facet w:facet="enumeration" w:value="P"/>
    <w:Facet w:facet="enumeration" w:value="O"/>
    <w:Facet w:facet="enumeration" w:value="X"/>
    <w:Facet w:facet="enumeration" w:value="L"/>
    <w:Facet w:facet="enumeration" w:value="S"/>
  </w:Type>
  <w:Type w:name="ansi_d20:DrivingEndorsementCodeType" w:isRequested="true"/>
  <w:Type w:name="ansi_d20:DrivingOffenseCodeSimpleType" w:isRequested="false">
    <w:Facet w:facet="enumeration" w:value="A04"/>
    <w:Facet w:facet="enumeration" w:value="A08"/>
    <w:Facet w:facet="enumeration" w:value="A10"/>
    <w:Facet w:facet="enumeration" w:value="A11"/>
    <w:Facet w:facet="enumeration" w:value="A12"/>
    <w:Facet w:facet="enumeration" w:value="A20"/>
    <w:Facet w:facet="enumeration" w:value="A21"/>
    <w:Facet w:facet="enumeration" w:value="A22"/>
    <w:Facet w:facet="enumeration" w:value="A23"/>
    <w:Facet w:facet="enumeration" w:value="A24"/>
    <w:Facet w:facet="enumeration" w:value="A25"/>
    <w:Facet w:facet="enumeration" w:value="A26"/>
    <w:Facet w:facet="enumeration" w:value="A31"/>
    <w:Facet w:facet="enumeration" w:value="A33"/>
    <w:Facet w:facet="enumeration" w:value="A35"/>
    <w:Facet w:facet="enumeration" w:value="A41"/>
    <w:Facet w:facet="enumeration" w:value="A50"/>
    <w:Facet w:facet="enumeration" w:value="A60"/>
    <w:Facet w:facet="enumeration" w:value="A61"/>
    <w:Facet w:facet="enumeration" w:value="A90"/>
    <w:Facet w:facet="enumeration" w:value="A94"/>
    <w:Facet w:facet="enumeration" w:value="A98"/>
    <w:Facet w:facet="enumeration" w:value="B01"/>
    <w:Facet w:facet="enumeration" w:value="B02"/>
    <w:Facet w:facet="enumeration" w:value="B03"/>
    <w:Facet w:facet="enumeration" w:value="B04"/>
    <w:Facet w:facet="enumeration" w:value="B05"/>
    <w:Facet w:facet="enumeration" w:value="B06"/>
    <w:Facet w:facet="enumeration" w:value="B07"/>
    <w:Facet w:facet="enumeration" w:value="B08"/>
    <w:Facet w:facet="enumeration" w:value="B14"/>
    <w:Facet w:facet="enumeration" w:value="B19"/>
    <w:Facet w:facet="enumeration" w:value="B20"/>
    <w:Facet w:facet="enumeration" w:value="B21"/>
    <w:Facet w:facet="enumeration" w:value="B22"/>
    <w:Facet w:facet="enumeration" w:value="B23"/>
    <w:Facet w:facet="enumeration" w:value="B24"/>
    <w:Facet w:facet="enumeration" w:value="B25"/>
    <w:Facet w:facet="enumeration" w:value="B26"/>
    <w:Facet w:facet="enumeration" w:value="B27"/>
    <w:Facet w:facet="enumeration" w:value="B41"/>
    <w:Facet w:facet="enumeration" w:value="B51"/>
    <w:Facet w:facet="enumeration" w:value="B56"/>
    <w:Facet w:facet="enumeration" w:value="B61"/>
    <w:Facet w:facet="enumeration" w:value="B63"/>
    <w:Facet w:facet="enumeration" w:value="B64"/>
    <w:Facet w:facet="enumeration" w:value="B65"/>
    <w:Facet w:facet="enumeration" w:value="B91"/>
    <w:Facet w:facet="enumeration" w:value="D02"/>
    <w:Facet w:facet="enumeration" w:value="D06"/>
    <w:Facet w:facet="enumeration" w:value="D07"/>
    <w:Facet w:facet="enumeration" w:value="D10"/>
    <w:Facet w:facet="enumeration" w:value="D16"/>
    <w:Facet w:facet="enumeration" w:value="D27"/>
    <w:Facet w:facet="enumeration" w:value="D29"/>
    <w:Facet w:facet="enumeration" w:value="D35"/>
    <w:Facet w:facet="enumeration" w:value="D36"/>
    <w:Facet w:facet="enumeration" w:value="D37"/>
    <w:Facet w:facet="enumeration" w:value="D38"/>
    <w:Facet w:facet="enumeration" w:value="D39"/>
    <w:Facet w:facet="enumeration" w:value="D45"/>
    <w:Facet w:facet="enumeration" w:value="D51"/>
    <w:Facet w:facet="enumeration" w:value="D53"/>
    <w:Facet w:facet="enumeration" w:value="D56"/>
    <w:Facet w:facet="enumeration" w:value="D70"/>
    <w:Facet w:facet="enumeration" w:value="D72"/>
    <w:Facet w:facet="enumeration" w:value="D74"/>
    <w:Facet w:facet="enumeration" w:value="D75"/>
    <w:Facet w:facet="enumeration" w:value="D78"/>
    <w:Facet w:facet="enumeration" w:value="E01"/>
    <w:Facet w:facet="enumeration" w:value="E02"/>
    <w:Facet w:facet="enumeration" w:value="E03"/>
    <w:Facet w:facet="enumeration" w:value="E04"/>
    <w:Facet w:facet="enumeration" w:value="E05"/>
    <w:Facet w:facet="enumeration" w:value="E06"/>
    <w:Facet w:facet="enumeration" w:value="E23"/>
    <w:Facet w:facet="enumeration" w:value="E31"/>
    <w:Facet w:facet="enumeration" w:value="E33"/>
    <w:Facet w:facet="enumeration" w:value="E34"/>
    <w:Facet w:facet="enumeration" w:value="E36"/>
    <w:Facet w:facet="enumeration" w:value="E37"/>
    <w:Facet w:facet="enumeration" w:value="E50"/>
    <w:Facet w:facet="enumeration" w:value="E51"/>
    <w:Facet w:facet="enumeration" w:value="E53"/>
    <w:Facet w:facet="enumeration" w:value="E54"/>
    <w:Facet w:facet="enumeration" w:value="E55"/>
    <w:Facet w:facet="enumeration" w:value="E56"/>
    <w:Facet w:facet="enumeration" w:value="E57"/>
    <w:Facet w:facet="enumeration" w:value="E70"/>
    <w:Facet w:facet="enumeration" w:value="E71"/>
    <w:Facet w:facet="enumeration" w:value="F02"/>
    <w:Facet w:facet="enumeration" w:value="F03"/>
    <w:Facet w:facet="enumeration" w:value="F04"/>
    <w:Facet w:facet="enumeration" w:value="F05"/>
    <w:Facet w:facet="enumeration" w:value="F06"/>
    <w:Facet w:facet="enumeration" w:value="F34"/>
    <w:Facet w:facet="enumeration" w:value="F66"/>
    <w:Facet w:facet="enumeration" w:value="M02"/>
    <w:Facet w:facet="enumeration" w:value="M03"/>
    <w:Facet w:facet="enumeration" w:value="M04"/>
    <w:Facet w:facet="enumeration" w:value="M05"/>
    <w:Facet w:facet="enumeration" w:value="M08"/>
    <w:Facet w:facet="enumeration" w:value="M09"/>
    <w:Facet w:facet="enumeration" w:value="M10"/>
    <w:Facet w:facet="enumeration" w:value="M11"/>
    <w:Facet w:facet="enumeration" w:value="M12"/>
    <w:Facet w:facet="enumeration" w:value="M13"/>
    <w:Facet w:facet="enumeration" w:value="M14"/>
    <w:Facet w:facet="enumeration" w:value="M15"/>
    <w:Facet w:facet="enumeration" w:value="M16"/>
    <w:Facet w:facet="enumeration" w:value="M17"/>
    <w:Facet w:facet="enumeration" w:value="M18"/>
    <w:Facet w:facet="enumeration" w:value="M19"/>
    <w:Facet w:facet="enumeration" w:value="M20"/>
    <w:Facet w:facet="enumeration" w:value="M21"/>
    <w:Facet w:facet="enumeration" w:value="M22"/>
    <w:Facet w:facet="enumeration" w:value="M23"/>
    <w:Facet w:facet="enumeration" w:value="M24"/>
    <w:Facet w:facet="enumeration" w:value="M25"/>
    <w:Facet w:facet="enumeration" w:value="M30"/>
    <w:Facet w:facet="enumeration" w:value="M31"/>
    <w:Facet w:facet="enumeration" w:value="M32"/>
    <w:Facet w:facet="enumeration" w:value="M33"/>
    <w:Facet w:facet="enumeration" w:value="M34"/>
    <w:Facet w:facet="enumeration" w:value="M40"/>
    <w:Facet w:facet="enumeration" w:value="M41"/>
    <w:Facet w:facet="enumeration" w:value="M42"/>
    <w:Facet w:facet="enumeration" w:value="M43"/>
    <w:Facet w:facet="enumeration" w:value="M44"/>
    <w:Facet w:facet="enumeration" w:value="M45"/>
    <w:Facet w:facet="enumeration" w:value="M46"/>
    <w:Facet w:facet="enumeration" w:value="M47"/>
    <w:Facet w:facet="enumeration" w:value="M48"/>
    <w:Facet w:facet="enumeration" w:value="M49"/>
    <w:Facet w:facet="enumeration" w:value="M50"/>
    <w:Facet w:facet="enumeration" w:value="M51"/>
    <w:Facet w:facet="enumeration" w:value="M55"/>
    <w:Facet w:facet="enumeration" w:value="M56"/>
    <w:Facet w:facet="enumeration" w:value="M57"/>
    <w:Facet w:facet="enumeration" w:value="M58"/>
    <w:Facet w:facet="enumeration" w:value="M60"/>
    <w:Facet w:facet="enumeration" w:value="M61"/>
    <w:Facet w:facet="enumeration" w:value="M62"/>
    <w:Facet w:facet="enumeration" w:value="M70"/>
    <w:Facet w:facet="enumeration" w:value="M71"/>
    <w:Facet w:facet="enumeration" w:value="M72"/>
    <w:Facet w:facet="enumeration" w:value="M73"/>
    <w:Facet w:facet="enumeration" w:value="M74"/>
    <w:Facet w:facet="enumeration" w:value="M75"/>
    <w:Facet w:facet="enumeration" w:value="M76"/>
    <w:Facet w:facet="enumeration" w:value="M77"/>
    <w:Facet w:facet="enumeration" w:value="M80"/>
    <w:Facet w:facet="enumeration" w:value="M81"/>
    <w:Facet w:facet="enumeration" w:value="M82"/>
    <w:Facet w:facet="enumeration" w:value="M83"/>
    <w:Facet w:facet="enumeration" w:value="M84"/>
    <w:Facet w:facet="enumeration" w:value="N01"/>
    <w:Facet w:facet="enumeration" w:value="N02"/>
    <w:Facet w:facet="enumeration" w:value="N03"/>
    <w:Facet w:facet="enumeration" w:value="N04"/>
    <w:Facet w:facet="enumeration" w:value="N05"/>
    <w:Facet w:facet="enumeration" w:value="N06"/>
    <w:Facet w:facet="enumeration" w:value="N07"/>
    <w:Facet w:facet="enumeration" w:value="N08"/>
    <w:Facet w:facet="enumeration" w:value="N09"/>
    <w:Facet w:facet="enumeration" w:value="N20"/>
    <w:Facet w:facet="enumeration" w:value="N21"/>
    <w:Facet w:facet="enumeration" w:value="N22"/>
    <w:Facet w:facet="enumeration" w:value="N23"/>
    <w:Facet w:facet="enumeration" w:value="N24"/>
    <w:Facet w:facet="enumeration" w:value="N25"/>
    <w:Facet w:facet="enumeration" w:value="N26"/>
    <w:Facet w:facet="enumeration" w:value="N30"/>
    <w:Facet w:facet="enumeration" w:value="N31"/>
    <w:Facet w:facet="enumeration" w:value="N40"/>
    <w:Facet w:facet="enumeration" w:value="N41"/>
    <w:Facet w:facet="enumeration" w:value="N42"/>
    <w:Facet w:facet="enumeration" w:value="N43"/>
    <w:Facet w:facet="enumeration" w:value="N44"/>
    <w:Facet w:facet="enumeration" w:value="N50"/>
    <w:Facet w:facet="enumeration" w:value="N51"/>
    <w:Facet w:facet="enumeration" w:value="N52"/>
    <w:Facet w:facet="enumeration" w:value="N53"/>
    <w:Facet w:facet="enumeration" w:value="N54"/>
    <w:Facet w:facet="enumeration" w:value="N55"/>
    <w:Facet w:facet="enumeration" w:value="N56"/>
    <w:Facet w:facet="enumeration" w:value="N60"/>
    <w:Facet w:facet="enumeration" w:value="N61"/>
    <w:Facet w:facet="enumeration" w:value="N62"/>
    <w:Facet w:facet="enumeration" w:value="N63"/>
    <w:Facet w:facet="enumeration" w:value="N70"/>
    <w:Facet w:facet="enumeration" w:value="N71"/>
    <w:Facet w:facet="enumeration" w:value="N72"/>
    <w:Facet w:facet="enumeration" w:value="N80"/>
    <w:Facet w:facet="enumeration" w:value="N82"/>
    <w:Facet w:facet="enumeration" w:value="N83"/>
    <w:Facet w:facet="enumeration" w:value="N84"/>
    <w:Facet w:facet="enumeration" w:value="S01"/>
    <w:Facet w:facet="enumeration" w:value="S06"/>
    <w:Facet w:facet="enumeration" w:value="S15"/>
    <w:Facet w:facet="enumeration" w:value="S16"/>
    <w:Facet w:facet="enumeration" w:value="S21"/>
    <w:Facet w:facet="enumeration" w:value="S26"/>
    <w:Facet w:facet="enumeration" w:value="S31"/>
    <w:Facet w:facet="enumeration" w:value="S36"/>
    <w:Facet w:facet="enumeration" w:value="S41"/>
    <w:Facet w:facet="enumeration" w:value="S51"/>
    <w:Facet w:facet="enumeration" w:value="S71"/>
    <w:Facet w:facet="enumeration" w:value="S81"/>
    <w:Facet w:facet="enumeration" w:value="S91"/>
    <w:Facet w:facet="enumeration" w:value="S92"/>
    <w:Facet w:facet="enumeration" w:value="S93"/>
    <w:Facet w:facet="enumeration" w:value="S94"/>
    <w:Facet w:facet="enumeration" w:value="S95"/>
    <w:Facet w:facet="enumeration" w:value="S96"/>
    <w:Facet w:facet="enumeration" w:value="S97"/>
    <w:Facet w:facet="enumeration" w:value="S98"/>
    <w:Facet w:facet="enumeration" w:value="U01"/>
    <w:Facet w:facet="enumeration" w:value="U02"/>
    <w:Facet w:facet="enumeration" w:value="U03"/>
    <w:Facet w:facet="enumeration" w:value="U04"/>
    <w:Facet w:facet="enumeration" w:value="U05"/>
    <w:Facet w:facet="enumeration" w:value="U06"/>
    <w:Facet w:facet="enumeration" w:value="U07"/>
    <w:Facet w:facet="enumeration" w:value="U08"/>
    <w:Facet w:facet="enumeration" w:value="U09"/>
    <w:Facet w:facet="enumeration" w:value="U10"/>
    <w:Facet w:facet="enumeration" w:value="U21"/>
    <w:Facet w:facet="enumeration" w:value="U31"/>
    <w:Facet w:facet="enumeration" w:value="W00"/>
    <w:Facet w:facet="enumeration" w:value="W01"/>
    <w:Facet w:facet="enumeration" w:value="W13"/>
    <w:Facet w:facet="enumeration" w:value="W14"/>
    <w:Facet w:facet="enumeration" w:value="W15"/>
    <w:Facet w:facet="enumeration" w:value="W20"/>
    <w:Facet w:facet="enumeration" w:value="W30"/>
    <w:Facet w:facet="enumeration" w:value="W31"/>
    <w:Facet w:facet="enumeration" w:value="W40"/>
    <w:Facet w:facet="enumeration" w:value="W41"/>
    <w:Facet w:facet="enumeration" w:value="W50"/>
    <w:Facet w:facet="enumeration" w:value="W51"/>
    <w:Facet w:facet="enumeration" w:value="W52"/>
    <w:Facet w:facet="enumeration" w:value="W60"/>
    <w:Facet w:facet="enumeration" w:value="W61"/>
    <w:Facet w:facet="enumeration" w:value="W70"/>
  </w:Type>
  <w:Type w:name="ansi_d20:DrivingRestrictionCodeSimpleType" w:isRequested="false">
    <w:Facet w:facet="enumeration" w:value="W"/>
    <w:Facet w:facet="enumeration" w:value="J"/>
    <w:Facet w:facet="enumeration" w:value="L"/>
    <w:Facet w:facet="enumeration" w:value="O"/>
    <w:Facet w:facet="enumeration" w:value="D"/>
    <w:Facet w:facet="enumeration" w:value="F"/>
    <w:Facet w:facet="enumeration" w:value="E"/>
    <w:Facet w:facet="enumeration" w:value="G"/>
    <w:Facet w:facet="enumeration" w:value="K"/>
    <w:Facet w:facet="enumeration" w:value="C"/>
    <w:Facet w:facet="enumeration" w:value="B"/>
    <w:Facet w:facet="enumeration" w:value="I"/>
  </w:Type>
  <w:Type w:name="ansi_d20:DrivingRestrictionCodeType" w:isRequested="true"/>
  <w:Type w:name="fbi:LSTACodeSimpleType" w:isRequested="false">
    <w:Facet w:facet="enumeration" w:value="NJ"/>
    <w:Facet w:facet="enumeration" w:value="CO"/>
    <w:Facet w:facet="enumeration" w:value="VA"/>
    <w:Facet w:facet="enumeration" w:value="ON"/>
    <w:Facet w:facet="enumeration" w:value="DE"/>
    <w:Facet w:facet="enumeration" w:value="MA"/>
    <w:Facet w:facet="enumeration" w:value="SD"/>
    <w:Facet w:facet="enumeration" w:value="NY"/>
    <w:Facet w:facet="enumeration" w:value="IL"/>
    <w:Facet w:facet="enumeration" w:value="GA"/>
    <w:Facet w:facet="enumeration" w:value="IA"/>
    <w:Facet w:facet="enumeration" w:value="VT"/>
    <w:Facet w:facet="enumeration" w:value="MI"/>
    <w:Facet w:facet="enumeration" w:value="OK"/>
    <w:Facet w:facet="enumeration" w:value="NB"/>
    <w:Facet w:facet="enumeration" w:value="MS"/>
    <w:Facet w:facet="enumeration" w:value="US"/>
    <w:Facet w:facet="enumeration" w:value="AL"/>
    <w:Facet w:facet="enumeration" w:value="WY"/>
    <w:Facet w:facet="enumeration" w:value="MB"/>
    <w:Facet w:facet="enumeration" w:value="KY"/>
    <w:Facet w:facet="enumeration" w:value="BC"/>
    <w:Facet w:facet="enumeration" w:value="MD"/>
    <w:Facet w:facet="enumeration" w:value="IT"/>
    <w:Facet w:facet="enumeration" w:value="NS"/>
    <w:Facet w:facet="enumeration" w:value="TX"/>
    <w:Facet w:facet="enumeration" w:value="AR"/>
    <w:Facet w:facet="enumeration" w:value="NV"/>
    <w:Facet w:facet="enumeration" w:value="EN"/>
    <w:Facet w:facet="enumeration" w:value="LA"/>
    <w:Facet w:facet="enumeration" w:value="NH"/>
    <w:Facet w:facet="enumeration" w:value="AB"/>
    <w:Facet w:facet="enumeration" w:value="CT"/>
    <w:Facet w:facet="enumeration" w:value="PA"/>
    <w:Facet w:facet="enumeration" w:value="SC"/>
    <w:Facet w:facet="enumeration" w:value="CA"/>
    <w:Facet w:facet="enumeration" w:value="MN"/>
    <w:Facet w:facet="enumeration" w:value="WI"/>
    <w:Facet w:facet="enumeration" w:value="NK"/>
    <w:Facet w:facet="enumeration" w:value="AZ"/>
    <w:Facet w:facet="enumeration" w:value="AK"/>
    <w:Facet w:facet="enumeration" w:value="WV"/>
    <w:Facet w:facet="enumeration" w:value="NT"/>
    <w:Facet w:facet="enumeration" w:value="OH"/>
    <w:Facet w:facet="enumeration" w:value="TN"/>
    <w:Facet w:facet="enumeration" w:value="KS"/>
    <w:Facet w:facet="enumeration" w:value="MT"/>
    <w:Facet w:facet="enumeration" w:value="NM"/>
    <w:Facet w:facet="enumeration" w:value="IC"/>
    <w:Facet w:facet="enumeration" w:value="MO"/>
    <w:Facet w:facet="enumeration" w:value="ID"/>
    <w:Facet w:facet="enumeration" w:value="GM"/>
    <w:Facet w:facet="enumeration" w:value="SN"/>
    <w:Facet w:facet="enumeration" w:value="PQ"/>
    <w:Facet w:facet="enumeration" w:value="ND"/>
    <w:Facet w:facet="enumeration" w:value="PR"/>
    <w:Facet w:facet="enumeration" w:value="OR"/>
    <w:Facet w:facet="enumeration" w:value="CD"/>
    <w:Facet w:facet="enumeration" w:value="PE"/>
    <w:Facet w:facet="enumeration" w:value="IN"/>
    <w:Facet w:facet="enumeration" w:value="VI"/>
    <w:Facet w:facet="enumeration" w:value="DC"/>
    <w:Facet w:facet="enumeration" w:value="NC"/>
    <w:Facet w:facet="enumeration" w:value="MX"/>
    <w:Facet w:facet="enumeration" w:value="UT"/>
    <w:Facet w:facet="enumeration" w:value="HI"/>
    <w:Facet w:facet="enumeration" w:value="NF"/>
    <w:Facet w:facet="enumeration" w:value="RI"/>
    <w:Facet w:facet="enumeration" w:value="FL"/>
    <w:Facet w:facet="enumeration" w:value="ME"/>
    <w:Facet w:facet="enumeration" w:value="YT"/>
    <w:Facet w:facet="enumeration" w:value="WA"/>
  </w:Type>
  <w:Type w:name="fbi:LSTACodeType" w:isRequested="true"/>
  <w:Type w:name="fbi:SEXCodeSimpleType" w:isRequested="false">
    <w:Facet w:facet="enumeration" w:value="M"/>
    <w:Facet w:facet="enumeration" w:value="U"/>
    <w:Facet w:facet="enumeration" w:value="F"/>
  </w:Type>
  <w:Type w:name="fbi:SEXCodeType" w:isRequested="true"/>
  <w:Type w:name="j:ChargeType" w:isRequested="true">
    <w:ElementInType w:name="j:ChargeStatute" w:isReference="false"
      w:minOccurs="0" w:maxOccurs="1"/>
  </w:Type>
  <w:Type w:name="j:ConvictionType" w:isRequested="true">
    <w:ElementInType w:name="j:ConvictionCharge" w:isReference="false"
      w:minOccurs="0" w:maxOccurs="1"/>
    <w:ElementInType w:name="j:ConvictionCourt" w:isReference="false"
      w:minOccurs="0" w:maxOccurs="1"/>
  </w:Type>
  <w:Type w:name="j:CourtType" w:isRequested="true"/>
  <w:Type w:name="j:CrashType" w:isRequested="true"/>
  <w:Type w:name="j:DriverConvictionType" w:isRequested="true">
    <w:ElementInType w:name="j:DriverConvictionCMV"
      w:isReference="false" w:minOccurs="0" w:maxOccurs="1"/>
    <w:ElementInType w:name="j:DriverConvictionCitation"
      w:isReference="false" w:minOccurs="0" w:maxOccurs="unbounded"/>
    <w:ElementInType w:name="j:DriverConvictionHazMat"
      w:isReference="false" w:minOccurs="0" w:maxOccurs="1"/>
    <w:ElementInType w:name="j:DriverConvictionOffense"
      w:isReference="false" w:minOccurs="0" w:maxOccurs="1"/>
    <w:ElementInType w:name="j:DriverConvictionOffenseDescriptionText"
      w:isReference="false" w:minOccurs="0" w:maxOccurs="1"/>
  </w:Type>
  <w:Type w:name="j:DriverHistorySummaryType" w:isRequested="true">
    <w:ElementInType w:name="j:DriverHistoryAccidentQuantity"
      w:isReference="false" w:minOccurs="0" w:maxOccurs="1"/>
    <w:ElementInType w:name="j:DriverHistoryConvictionQuantity"
      w:isReference="false" w:minOccurs="0" w:maxOccurs="1"/>
    <w:ElementInType w:name="j:DriverHistoryWithdrawalQuantity"
      w:isReference="false" w:minOccurs="0" w:maxOccurs="1"/>
  </w:Type>
  <w:Type w:name="j:DriverLicenseEndorsementType" w:isRequested="true">
    <w:ElementInType w:name="j:DriverLicenseHMEThreatDate"
      w:isReference="false" w:minOccurs="0" w:maxOccurs="1"/>
    <w:ElementInType w:name="j:DriverLicenseHMEThreatText"
      w:isReference="false" w:minOccurs="0" w:maxOccurs="1"/>
  </w:Type>
  <w:Type w:name="j:DrivingIncidentType" w:isRequested="true">
    <w:ElementInType w:name="j:DrivingAccidentSeverity"
      w:isReference="false" w:minOccurs="0" w:maxOccurs="1"/>
    <w:ElementInType w:name="j:DrivingIncidentCMV" w:isReference="false"
      w:minOccurs="0" w:maxOccurs="1"/>
    <w:ElementInType w:name="j:DrivingIncidentHazMat"
      w:isReference="false" w:minOccurs="0" w:maxOccurs="1"/>
    <w:ElementInType w:name="j:DrivingIncidentJurisdiction"
      w:isReference="false" w:minOccurs="0" w:maxOccurs="1"/>
  </w:Type>
  <w:Type w:name="j:PersonType" w:isRequested="true"/>
  <w:Type w:name="j:StatuteType" w:isRequested="true">
    <w:ElementInType w:name="j:StatuteCodeIdentification"
      w:isReference="false" w:minOccurs="0" w:maxOccurs="1"/>
  </w:Type>
  <w:Type w:name="nc:ActivityType" w:isRequested="true">
    <w:ElementInType w:name="nc:ActivityDateRepresentation"
      w:isReference="false" w:minOccurs="0" w:maxOccurs="1"/>
    <w:ElementInType w:name="nc:ActivityDescriptionText"
      w:isReference="false" w:minOccurs="0" w:maxOccurs="1"/>
    <w:ElementInType w:name="nc:ActivityIdentification"
      w:isReference="false" w:minOccurs="0" w:maxOccurs="1"/>
  </w:Type>
  <w:Type w:name="nc:AddressType" w:isRequested="true">
    <w:ElementInType w:name="nc:AddressRepresentation"
      w:isReference="false" w:minOccurs="0" w:maxOccurs="1"/>
  </w:Type>
  <w:Type w:name="nc:BinaryType" w:isRequested="true">
    <w:ElementInType w:name="nc:BinaryAvailableIndicator"
      w:isReference="false" w:minOccurs="0" w:maxOccurs="1"/>
    <w:ElementInType w:name="nc:BinaryCaptureDate" w:isReference="false"
      w:minOccurs="0" w:maxOccurs="1"/>
    <w:ElementInType w:name="nc:BinaryCategoryText"
      w:isReference="false" w:minOccurs="0" w:maxOccurs="1"/>
    <w:ElementInType w:name="nc:BinaryFormatID" w:isReference="false"
      w:minOccurs="0" w:maxOccurs="1"/>
    <w:ElementInType w:name="nc:BinaryObject" w:isReference="false"
      w:minOccurs="0" w:maxOccurs="1"/>
  </w:Type>
  <w:Type w:name="nc:ContactInformationType" w:isRequested="true">
    <w:ElementInType w:name="nc:ContactMeans" w:isReference="false"
      w:minOccurs="0" w:maxOccurs="1"/>
  </w:Type>
  <w:Type w:name="nc:DateRangeType" w:isRequested="true">
    <w:ElementInType w:name="nc:EndDate" w:isReference="false"
      w:minOccurs="0" w:maxOccurs="1"/>
  </w:Type>
  <w:Type w:name="nc:DateType" w:isRequested="true">
    <w:ElementInType w:name="nc:DateRepresentation"
      w:isReference="false" w:minOccurs="0" w:maxOccurs="1"/>
  </w:Type>
  <w:Type w:name="nc:DocumentType" w:isRequested="true">
    <w:ElementInType w:name="nc:DocumentCreationDate"
      w:isReference="false" w:minOccurs="0" w:maxOccurs="1"/>
    <w:ElementInType w:name="nc:DocumentExpirationDate"
      w:isReference="false" w:minOccurs="0" w:maxOccurs="1"/>
  </w:Type>
  <w:Type w:name="nc:DriverLicenseBaseType" w:isRequested="true">
    <w:ElementInType w:name="nc:DriverLicenseEndorsement"
      w:isReference="false" w:minOccurs="0" w:maxOccurs="1"/>
    <w:ElementInType w:name="nc:DriverLicenseExpirationDate"
      w:isReference="false" w:minOccurs="0" w:maxOccurs="1"/>
    <w:ElementInType w:name="nc:DriverLicenseIdentification"
      w:isReference="false" w:minOccurs="0" w:maxOccurs="1"/>
    <w:ElementInType w:name="nc:DriverLicenseIssueDate"
      w:isReference="false" w:minOccurs="0" w:maxOccurs="1"/>
    <w:ElementInType w:name="nc:DriverLicenseRestriction"
      w:isReference="false" w:minOccurs="0" w:maxOccurs="1"/>
  </w:Type>
  <w:Type w:name="nc:DriverLicensePermitType" w:isRequested="true">
    <w:ElementInType w:name="nc:DriverLicensePermitClassificationText"
      w:isReference="false" w:minOccurs="0" w:maxOccurs="1"/>
    <w:ElementInType w:name="nc:DriverLicensePermitStatus"
      w:isReference="false" w:minOccurs="0" w:maxOccurs="1"/>
  </w:Type>
  <w:Type w:name="nc:DriverLicenseType" w:isRequested="true">
    <w:ElementInType w:name="nc:DriverLicenseCommercialClass"
      w:isReference="false" w:minOccurs="0" w:maxOccurs="1"/>
    <w:ElementInType w:name="nc:DriverLicenseCommercialStatus"
      w:isReference="false" w:minOccurs="0" w:maxOccurs="1"/>
    <w:ElementInType w:name="nc:DriverLicenseNonCommercialClassText"
      w:isReference="false" w:minOccurs="0" w:maxOccurs="1"/>
    <w:ElementInType w:name="nc:DriverLicenseNonCommercialStatus"
      w:isReference="false" w:minOccurs="0" w:maxOccurs="1"/>
    <w:ElementInType w:name="nc:DriverLicensePermit"
      w:isReference="false" w:minOccurs="0" w:maxOccurs="1"/>
    <w:ElementInType w:name="nc:DriverLicensePermitQuantity"
      w:isReference="false" w:minOccurs="0" w:maxOccurs="1"/>
    <w:ElementInType w:name="nc:DriverLicenseWithdrawal"
      w:isReference="false" w:minOccurs="0" w:maxOccurs="1"/>
  </w:Type>
  <w:Type w:name="nc:DriverLicenseWithdrawalType" w:isRequested="true">
    <w:ElementInType w:name="nc:DriverLicenseWithdrawalAction"
      w:isReference="false" w:minOccurs="0" w:maxOccurs="1"/>
    <w:ElementInType w:name="nc:DriverLicenseWithdrawalBasis"
      w:isReference="false" w:minOccurs="0" w:maxOccurs="1"/>
    <w:ElementInType w:name="nc:DriverLicenseWithdrawalDueProcessStatus"
      w:isReference="false" w:minOccurs="0" w:maxOccurs="1"/>
    <w:ElementInType w:name="nc:DriverLicenseWithdrawalEffectiveDate"
      w:isReference="false" w:minOccurs="0" w:maxOccurs="1"/>
    <w:ElementInType w:name="nc:DriverLicenseWithdrawalEligibilityCode"
      w:isReference="false" w:minOccurs="0" w:maxOccurs="1"/>
    <w:ElementInType w:name="nc:DriverLicenseWithdrawalEligibilityDate"
      w:isReference="false" w:minOccurs="0" w:maxOccurs="1"/>
    <w:ElementInType w:name="nc:DriverLicenseWithdrawalExtent"
      w:isReference="false" w:minOccurs="0" w:maxOccurs="1"/>
    <w:ElementInType w:name="nc:DriverLicenseWithdrawalIssuingAuthority"
      w:isReference="false" w:minOccurs="0" w:maxOccurs="1"/>
    <w:ElementInType
      w:name="nc:DriverLicenseWithdrawalLocatorReferenceIdentification"
      w:isReference="false" w:minOccurs="0" w:maxOccurs="unbounded"/>
    <w:ElementInType
      w:name="nc:DriverLicenseWithdrawalReasonReferenceCode"
      w:isReference="false" w:minOccurs="0" w:maxOccurs="unbounded"/>
    <w:ElementInType
      w:name="nc:DriverLicenseWithdrawalReinstatementDate"
      w:isReference="false" w:minOccurs="0" w:maxOccurs="1"/>
    <w:ElementInType w:name="nc:DriverLicenseWithdrawalValue"
      w:isReference="false" w:minOccurs="0" w:maxOccurs="unbounded"/>
  </w:Type>
  <w:Type w:name="nc:DrivingRestrictionType" w:isRequested="true">
    <w:ElementInType w:name="nc:DrivingRestrictionDescriptionText"
      w:isReference="false" w:minOccurs="0" w:maxOccurs="1"/>
    <w:ElementInType w:name="nc:DrivingRestrictionEndDate"
      w:isReference="false" w:minOccurs="0" w:maxOccurs="1"/>
    <w:ElementInType w:name="nc:DrivingRestrictionValue"
      w:isReference="false" w:minOccurs="0" w:maxOccurs="1"/>
  </w:Type>
  <w:Type w:name="nc:FullTelephoneNumberType" w:isRequested="true">
    <w:ElementInType w:name="nc:TelephoneNumberFullID"
      w:isReference="false" w:minOccurs="0" w:maxOccurs="1"/>
  </w:Type>
  <w:Type w:name="nc:IdentificationType" w:isRequested="true">
    <w:ElementInType w:name="nc:IdentificationID" w:isReference="false"
      w:minOccurs="0" w:maxOccurs="1"/>
    <w:ElementInType w:name="nc:IdentificationJurisdiction"
      w:isReference="false" w:minOccurs="0" w:maxOccurs="1"/>
  </w:Type>
  <w:Type w:name="nc:ImageType" w:isRequested="true"/>
  <w:Type w:name="nc:IncidentType" w:isRequested="true"/>
  <w:Type w:name="nc:JurisdictionType" w:isRequested="true">
    <w:ElementInType w:name="nc:LocationState" w:isReference="false"
      w:minOccurs="0" w:maxOccurs="1"/>
  </w:Type>
  <w:Type w:name="nc:LengthMeasureType" w:isRequested="true"/>
  <w:Type w:name="nc:LocationType" w:isRequested="true">
    <w:ElementInType w:name="nc:LocationAddress" w:isReference="false"
      w:minOccurs="0" w:maxOccurs="1"/>
  </w:Type>
  <w:Type w:name="nc:MeasurePointValueType" w:isRequested="true"/>
  <w:Type w:name="nc:MeasureType" w:isRequested="true">
    <w:ElementInType w:name="nc:MeasureValue" w:isReference="false"
      w:minOccurs="0" w:maxOccurs="1"/>
  </w:Type>
  <w:Type w:name="nc:NumericType" w:isRequested="true"/>
  <w:Type w:name="nc:OrganizationType" w:isRequested="true">
    <w:ElementInType w:name="nc:OrganizationCategory"
      w:isReference="false" w:minOccurs="0" w:maxOccurs="1"/>
    <w:ElementInType w:name="nc:OrganizationLocation"
      w:isReference="false" w:minOccurs="0" w:maxOccurs="1"/>
  </w:Type>
  <w:Type w:name="nc:PersonNameTextType" w:isRequested="true">
    <w:AttributeInType w:name="nc:personNameInitialIndicator"/>
  </w:Type>
  <w:Type w:name="nc:PersonNameType" w:isRequested="true">
    <w:ElementInType w:name="nc:PersonFullName" w:isReference="false"
      w:minOccurs="0" w:maxOccurs="1"/>
    <w:ElementInType w:name="nc:PersonGivenName" w:isReference="false"
      w:minOccurs="0" w:maxOccurs="1"/>
    <w:ElementInType w:name="nc:PersonMiddleName" w:isReference="false"
      w:minOccurs="0" w:maxOccurs="1"/>
    <w:ElementInType w:name="nc:PersonNameSuffixText"
      w:isReference="false" w:minOccurs="0" w:maxOccurs="1"/>
    <w:ElementInType w:name="nc:PersonSurName" w:isReference="false"
      w:minOccurs="0" w:maxOccurs="1"/>
  </w:Type>
  <w:Type w:name="nc:PersonType" w:isRequested="true">
    <w:ElementInType w:name="nc:PersonBirthDate" w:isReference="false"
      w:minOccurs="0" w:maxOccurs="1"/>
    <w:ElementInType w:name="nc:PersonDigitalImage"
      w:isReference="false" w:minOccurs="0" w:maxOccurs="1"/>
    <w:ElementInType w:name="nc:PersonEyeColor" w:isReference="false"
      w:minOccurs="0" w:maxOccurs="1"/>
    <w:ElementInType w:name="nc:PersonHairColor" w:isReference="false"
      w:minOccurs="0" w:maxOccurs="1"/>
    <w:ElementInType w:name="nc:PersonHeightMeasure"
      w:isReference="false" w:minOccurs="0" w:maxOccurs="1"/>
    <w:ElementInType w:name="nc:PersonMedicalFileIndicator"
      w:isReference="false" w:minOccurs="0" w:maxOccurs="1"/>
    <w:ElementInType w:name="nc:PersonName" w:isReference="false"
      w:minOccurs="0" w:maxOccurs="1"/>
    <w:ElementInType w:name="nc:PersonOrganDonatorIndicator"
      w:isReference="false" w:minOccurs="0" w:maxOccurs="1"/>
    <w:ElementInType w:name="nc:PersonOtherIdentification"
      w:isReference="false" w:minOccurs="0" w:maxOccurs="1"/>
    <w:ElementInType w:name="nc:PersonRace" w:isReference="false"
      w:minOccurs="0" w:maxOccurs="1"/>
    <w:ElementInType w:name="nc:PersonSSNIdentification"
      w:isReference="false" w:minOccurs="0" w:maxOccurs="1"/>
    <w:ElementInType w:name="nc:PersonSex" w:isReference="false"
      w:minOccurs="0" w:maxOccurs="1"/>
    <w:ElementInType w:name="nc:PersonWeightMeasure"
      w:isReference="false" w:minOccurs="0" w:maxOccurs="1"/>
  </w:Type>
  <w:Type w:name="nc:ProperNameTextType" w:isRequested="true"/>
  <w:Type w:name="nc:StreetType" w:isRequested="true">
    <w:ElementInType w:name="nc:StreetFullText" w:isReference="false"
      w:minOccurs="0" w:maxOccurs="1"/>
  </w:Type>
  <w:Type w:name="nc:StructuredAddressType" w:isRequested="true">
    <w:ElementInType w:name="nc:AddressDeliveryPoint"
      w:isReference="false" w:minOccurs="0" w:maxOccurs="1"/>
    <w:ElementInType w:name="nc:LocationCityName" w:isReference="false"
      w:minOccurs="0" w:maxOccurs="1"/>
    <w:ElementInType w:name="nc:LocationCountry" w:isReference="false"
      w:minOccurs="0" w:maxOccurs="1"/>
    <w:ElementInType w:name="nc:LocationCounty" w:isReference="false"
      w:minOccurs="0" w:maxOccurs="1"/>
    <w:ElementInType w:name="nc:LocationPostalCode"
      w:isReference="false" w:minOccurs="0" w:maxOccurs="1"/>
    <w:ElementInType w:name="nc:LocationState" w:isReference="false"
      w:minOccurs="0" w:maxOccurs="1"/>
  </w:Type>
  <w:Type w:name="nc:TelephoneNumberType" w:isRequested="true">
    <w:ElementInType w:name="nc:TelephoneNumberRepresentation"
      w:isReference="false" w:minOccurs="0" w:maxOccurs="1"/>
  </w:Type>
  <w:Type w:name="nc:TextType" w:isRequested="true"/>
  <w:Type w:name="nc:WeightMeasureType" w:isRequested="true"/>
  <w:Type w:name="niem-xsd:base64Binary" w:isRequested="true"/>
  <w:Type w:name="niem-xsd:boolean" w:isRequested="true"/>
  <w:Type w:name="niem-xsd:date" w:isRequested="true"/>
  <w:Type w:name="niem-xsd:decimal" w:isRequested="true"/>
  <w:Type w:name="niem-xsd:integer" w:isRequested="true"/>
  <w:Type w:name="niem-xsd:nonNegativeInteger" w:isRequested="true"/>
  <w:Type w:name="niem-xsd:string" w:isRequested="true"/>
  <w:Type w:name="niem-xsd:time" w:isRequested="true"/>
</w:WantList>
