<?xml version="1.0" encoding="US-ASCII"?>
<!DOCTYPE catalog PUBLIC "-//OASIS//DTD Entity Resolution XML Catalog V1.0//EN" "http://www.oasis-open.org/committees/entity/release/1.0/catalog.dtd">
<catalog prefer="public" xmlns="urn:oasis:names:tc:entity:xmlns:xml:catalog">
  <uri name="http://niem.gov/niem/appinfo/2.0" uri="appinfo/2.0/appinfo.xsd"/>
  <uri name="http://niem.gov/niem/appinfo/2.1" uri="appinfo/2.1/appinfo.xsd"/>
  <uri name="http://niem.gov/niem/domains/emergencyManagement/2.1" uri="domains/emergencyManagement/2.1/emergencyManagement.xsd"/>
  <uri name="http://niem.gov/niem/domains/intelligence/2.1" uri="domains/intelligence/2.1/intelligence.xsd"/>
  <uri name="http://niem.gov/niem/domains/jxdm/4.1" uri="domains/jxdm/4.1/jxdm.xsd"/>
  <uri name="http://niem.gov/niem/fbi/2.0" uri="fbi/2.0/fbi.xsd"/>
  <uri name="http://niem.gov/niem/iso_3166/2.0" uri="iso_3166/2.0/iso_3166.xsd"/>
  <uri name="http://niem.gov/niem/niem-core/2.0" uri="niem-core/2.0/niem-core.xsd"/>
  <uri name="http://niem.gov/niem/proxy/xsd/2.0" uri="proxy/xsd/2.0/xsd.xsd"/>
  <uri name="http://niem.gov/niem/structures/2.0" uri="structures/2.0/structures.xsd"/>
  <uri name="http://reference.niem.gov/niem/specification/code-lists/4.0/code-lists-instance/" uri="utility/code-lists-spec/4.0/code-lists-instance.xsd"/>
  <uri name="http://reference.niem.gov/niem/specification/code-lists/4.0/code-lists-schema-appinfo/" uri="utility/code-lists-spec/4.0/code-lists-schema-appinfo.xsd"/>
</catalog>